Top Posts,Member,Comments,Reactions,Views,Link,Month
מה העצה הכי גרועה שקיבלתם בנוגע ללימודים?,מתלבטים בלימודים- הדף,91,248,4196,https://www.facebook.com/groups/mlimudim/posts/1086902515633348/,Oct-24
"דחיתי לימודים
אני בן 25, אני מרגיש לא יציב בזה שדחיתי לימודים.

הסיבה שדחיתי כי לא הרגשתי שלם עם הבחירה של התואר, מרגיש שאני צריך עוד שנה לקבל החלטה מה ללמוד.

הרגשתי שאם אתחיל יש סיכוי שאדחה ואז זה יותר מסובך כי זה לשלם הרבה כסף.

האם התחושה הזו של המחשבות ושל ההיסוס בנוגע לתואר נמצא בכל תואר?

האם עשיתי טעות שדחיתי?

מרגיש לי מאוחר להתחיל בגיל 26….",Omer Cohen,72,150,2734,https://www.facebook.com/groups/mlimudim/posts/1093626408294292/,Oct-24
לסיים בגיל 30 תואר כמה זה נורא?,Anonymous participant,51,123,2085,https://www.facebook.com/groups/mlimudim/posts/1095867748070158/,Oct-24
"ועכשיו ברצינות,איך אפשר לממן את התואר? אין לי עזרה מההורים ותארים לא פחות מ30 אלף ש״ח בשנה.
בנות שללא עזרה איך אתן מסתדרות? 
אוניברסיטה זה אחלה פיתרון אבל לא עומדת בתנאי קבלה ובכללי צריכה לעשות מכינה.
מרגיש לי שתואר זה פשוט לעשירים בלבד לפעמים..
מלעשות את זה הצעד הזה זה אך ורק כסף. 
מרגישה עצובה ומיואשת אשמח להצעות 🫶",Anonymous participant,63,24,1499,https://www.facebook.com/groups/mlimudim/posts/1095239764799623/,Oct-24
"איזה תואר הכי קל ממש ללמוד? רק רוצה תואר בלבד בשביל הכיף. קליל ולא קשה. ללא מתמטיקה 
יש?",Anonymous participant,36,73,2796,https://www.facebook.com/groups/mlimudim/posts/1096811301309136/,Oct-24
"בת 24, קצת אבודה לגבי מה בא לי ללמוד ולעסוק בחיי. 
אין לי תעודת בגרות, ויתרתי לעצמי בגלל חרם באותה תקופה
להשלים בגרות פחות רלוונטי לי 
מה האופציות ואיך אוכל להתקדם?",Anonymous participant,39,47,1796,https://www.facebook.com/groups/mlimudim/posts/1095516214771978/,Oct-24
כמה זה נורא לסיים תואר ראשון בגיל 30?,Anonymous participant,27,86,1550,https://www.facebook.com/groups/mlimudim/posts/1095986461391620/,Oct-24
"שלום,
אני יודע שאולי זה לא קשור לפה, אבל אין לי עוד לאן לפנות.
אני בן 25, אמא שלי מנקה, גידלה אותי לבד כל החיים על משכורת מאוד נמוכה.
סיימתי 12 שנות לימוד, לא הכי וואו אבל בסדר. 5 אנגלית, 4 מתמטיקה, 5 פיזיקה
לא עשיתי צבא, בגלל שסבלתי מדיכאון ולא רצו להמשיך איתי, אז נכנסתי לשוק העבודה מגיל 18, גם בשביל לעזור לאמא שלי (היום היא כבר בת 62) וגם בשביל לשחרר את עצמי ושיהיה לי גרוש או שניים.
אין לי כסף, קיבלתי כמה עשרות אלפי שקלים מסבא וסבתא שלי זכרונם לברכה וזהו.
אני לא יודע איך להתחיל ללמוד, אני לא יכול להרשות לעצמי 4 שנים של תואר מבלי עבודה, אני לא אשרוד, אמא שלי לא תשרוד, אני חייב כסף וחייב להסתדר כלכלית.
האופציה היחידה שיש לי זה האוניברסיטה הפתוחה ומדעי המחשב, כי זה התחום שהכי מעניין אותי משם, הוא היחיד גם שהוא מדעי ושמתי עליו עין.
לא יודע מה לעשות, לא יודע אם יקבלו אותי מלגות, לא יודע לא מבין כלום, מפחד פחד מוות מלהיות יותר עני.

למישהו יש איך לעזור?
אין לי תנאי קבלה לאוניברסיטאות",Anonymous participant,24,24,1396,https://www.facebook.com/groups/mlimudim/posts/1097206977936235/,Oct-24
אני לא יודעת מה ללמוד! כל כך מיואשת. שנתיים שאני מנסה לראות למה אני מתחברת. פעם נרשמת ומבטלת. עושה מבחנים לשיפור סיכויי הקבלה שלי אבל אחר כך מרגישה שאני מבזבזת זמן אני לא יודעת מה ללמוד. איך יודעים? עצה? מישהו?,Anonymous participant,22,30,1503,https://www.facebook.com/groups/mlimudim/posts/1095492958107637/,Oct-24
"שאלה למי שלומד כאן פסיכולוגיה/ע""ס: לא מפחיד אתכם ללמוד בידיעה שתרוויחו מעט כסף בשנות הלימודים וההתמחות? זה משהו שפשוט ממש מפחיד אותי הידיעה שאני לא אצליח לחסוך מספיק כסף בשנות ה20 שלי אם אני אבחר ללכת למקצועות האלו במקום ללכת למקצועות ההנדסה למשל... לא שואל מתוך זלזול חלילה אלא מתוך רצון אמיתי לדעת.",Anonymous participant,15,55,1610,https://www.facebook.com/groups/mlimudim/posts/1096907141299552/,Oct-24
"היי לכולם, מעוניינת בלימודי רפואה-בעברית בלבד מוכנה להשקיע כל הנדרש בעבור זה 

עכשיו התחלתי ללמוד לפסיכומטרי(באופן עצמאי), לאחר בדיקות מול פקולטות מסתבר שאצטרך לשפר את התעודת בגרות גם

מצורף תעודת הבגרות למטה
הוא עומד על 80 בערך
כלומר צריכה 25 נקודות שיפור בערך

איזה מקצועות הכי קל לשפר , ומהמנוסים מה אתם ממליצים?
כלומר מה יקפיץ לי את הממוצע 

מדגישה!💡 - בבקשה לא להמליץ על לימודים בחו״ל.",Anonymous participant,18,39,2753,https://www.facebook.com/groups/mlimudim/posts/1083245945999005/,Oct-24
"אני בן 24 ועדיין לא יודע מה לעשות 😅

אני מתלבט בין 2 אפיקים שונים בעליל.

באחד יש כסף טוב, תנאים נוחים ומכל מה שמשתמע מכך

בשני, מדובר בתשוקה אדירה כזאת שיש לי חשק לקום כל בוקר ורעב בעיניים אך לא מתגמלת 

מה עושים?😪",Osher Avraham,19,26,1972,https://www.facebook.com/groups/mlimudim/posts/1093995984924001/,Oct-24
"שלום לכולם, הייתי שמחה לשמוע את דעתכם ומה אתם הייתם עושים במקומי וסליחה על החפירה מראש😅
היו לי מלא התלבטויות שנה שעברה מה להתחיל ללמוד והתלבטתי ממש בין 2 מקצועות שדי התחברתי אליהם, או הנדסת תוכנה או עיצוב מדיה. אחרי התלבטויות רבות נרשמתי להנדסאי תוכנה, לימודים במשך שנתיים בלבד. ( נרשמנו אני ובן זוגי ללימודים ביחד).
התחלנו את הלימודים הכל היה טוב ויפה, דווקא מאוד התחברתי ללימוד,לכיתה,למרצים, והכל די זרם לי.
סמסטר א׳ עבר לי בהצלחה, עברתי את כל המבחנים למרות שהיה קשה בטירוף אבל ברגע שהתחלנו את סמסטר ב׳ משהו בי השתנה.
התחלתי פחות לרצות לבוא למכללה למרות שאני לומדת עם בן זוגי ויש לי חברים מדהימים בכיתה וזה כאילו הכי צריך לתת לי מוטיבציה והבן זוג שלי באמת תמיד ניסה להרים ולתמוך ולעזור אך עדיין הרגשתי שהלימודים האלה פתאום לא בשבילי.
הרגשתי שהחומר משעמם אותי, שלא בטוח ארצה באמת לעבוד בזה בעתיד ושלא בטוח שיש לי מה להציע לחברות הייטק בעתיד ושאם אסיים ללמוד את זה זה נטו לרזומה (לפחות כרגע) ושרוב השיעורים שבהם באמת נהניתי והצלחתי זה נטו השיעורי עיצוב ובניית אתרים שעשינו שזה קורס אחד מתוך מלא קורסים אחרים (שבהם לומדים ממש שפות תיכנות קשות יותר וסייבר שזה דווקא כן מעניין) ורק בו גם באמת קיבלתי 100 לעומת שאר הקורסים האחרים שקיבלתי בהם פחות אך כן עברתי בציון טוב.
בכל אופן, התחלתי קצת לזלזל מתוך חוסר חשק ולחשוב אולי לכיוון אחר של לימודים אך עדיין החלטתי לגשת למבחנים בסמסטר ב׳ ולא לוותר (למקרה וכן אחליט להמשיך לשנה ב׳).
וכך היה,ניגשתי לכל המבחנים ועברתי את כולם כך שסיימתי את שנה א׳ בהצלחה כמו כולם (מלבד המבחן החיצוני שיש בכל סוף שנה שלא ניגשתי אליו עקב ניתוח שעברתי באותו החודש אך ניתן להשלים אותו גם אחרי זה).
לאחר סיום תקופת המבחנים ולפני תחילת שנת הלימודים הבאה היה לנו 3 חודשים חופש ובזמן הזה באמת חשבתי מה אני רוצה לעשות, האם להמשיך לשנה ב׳ בתוכנה או להירשם לתקשורת חזותית שמתמקדת בעיצוב וכדומה (באותה המכללה ובמקרה גם גיליתי שחברה שלי גם נרשמה לזה כך שנהיה ביחד).
לבסוף החלטתי לעזוב את תוכנה עם כל הקושי שבדבר, שזה כביכול כרוך ב״לעזוב״ את הבן זוג, את החברים הטובים, את הסביבה המוכרת, את המרצים המקסימים ולהרגיש תחושת פספוס שכאילו פרשתי באמצע ולא באמת סיימתי את הלימודים.
היה לי נורא קשה גם עצם המחשבה שאני צריכה להתחיל שנתיים חדשות והכל מחדש ושכאילו זה עוד זמן לבזבז מהחיים שבזמן הזה אני יכולה לעשות כסף ולהתפתח (ואני צריכה כסף כי המצב הכלכלי לא מזהיר) במיוחד שאני לא צעירה כבר אך בכל מקרה, החלטתי ללכת על זה פשוט עם המון חשש.
היינו אמורים להתחיל ללמוד כמו כל המכללות ב3.11 אך המכללה שלנו החליטה שהיא מצטרפת לשביתה של כלל המכללות ולכן לא מתחילים ללמוד כמתוכנן.
לנו כשנה א׳ הוחלט שאנחנו כן נגיע למכללה כרגיל עפ״י המערכת אך לא באמת נלמד אלא נעבור על החומר בחפיף, נעשה היכרויות , שיחות וכו׳..
אז הלכתי כמובן כרגיל למכללה , לכיתה החדשה ולמקצוע החדש ששם כמובן הייתי עם חברה שלי כבר ככה שזה נתן לי טיפת נחת.
אין לי ספק שביום הראשון הכל תמיד נראה מלחיץ ומבהיל (למרות שיש לי כביכול ניסיון משנה קודמת) אך משהו פשוט לא זרם לי ביום הזה, בכיתה, באווירה.
המרצות מקסימות אך גם קשוחות אבל שה פחות מדאיג אותי,הכיתה חמודה וקטנה, סך הכל אולי 10 תלמידים למרות שלא כל כך הצלחתי להרגיש חיבור וקשר לאותן תלמידות שהיו בכיתה אבל עדיין אמרתי ניתן לזה צ׳אנס.
אבל מה שבאמת קרה זה שפתאום נחת עליי כמו הלם כזה, הבנתי שיש מלא קורסים גם במהלך הלימודי תקשורת חזותית שכנראה פחות אתחבר אליהם ושפתאום אני משתעממת בכיתה כי אין אף אחת בוויב שלי או מישהי שאני יכולה להתחבר אליה (מלבד החברה שהכרתי מלפני) ושזה אשכרה עכשיו עוד שנתיים שלמות ושאולי חבל לוותר על תוכנה ופשוט עדיף לסיים את שנה ב׳ כי כבר עברתי את חצי הדרך ופשוט לקבל תעודת הנדסאי כמו כולם , לצאת לעבוד תקופה במה שיש ולאחר מכן תוך כדי החיים והעבודה ללמוד תקשורת חזותית אך במסלול ערב (שזה 3 שנים ולא שנתיים).
לבסוף הבנתי שגם זה לא הרעיון הכי טוב,
הבנתי שסביר להניח שבעיצוב מדיה אני כן ארצה לעסוק בעתיד, שכן יש לי מה להציע לחברות ועסקים כי אני באה עם ניסיון ורקע עוד מלפני הלימודים ושכדאי כן כבר לסיים עם זה וללמוד ושאולי זאת טעות להמשיך את שנה ב׳ בתוכנה.
אז בקיצור אחרי כל החפירה הזאת , עקב השביתה יש לי עד סוף השבוע להחליט מה אני באמת רוצה לעשות כי עוד לא התחלנו את הלימודים באופן רישמי אז יש לי עוד זמן להתחרט ולחזור לשנה ב׳ או פשוט להמשיך בתקשורת חזותית שנתיים מחדש.
מה אתם הייתם עושים במקומי? אני במחשבות בלי הפסקה ובאמת לא יודעת מה לעשות כבר כי בא לי גם וגם ובא לי לסיים עם הלימודים האלה כי כבר נמאס לי השיגרה הזאת וההגבלה הזאת כי הלימודים הם בבקרים ולכן הם אינטנסיביים ואין זמן לעבוד בקושי ולא כלום.",Anonymous participant,22,9,455,https://www.facebook.com/groups/mlimudim/posts/1095930074730592/,Oct-24
"היי לכולם מתלבטת לגבי תואר אשמח לשמוע את דעתכם-
חשבתי על תואר בניהול אבל נאמר לי שזה תואר שלא נותן יותר מידי (למרות שאני רוצה להשאר בעסק שלי ... אבל רוצה גם תואר שיהיה לי שימושי לחיים)
אז חשבתי על הנדסה תעשיה וניהול שיש בו קורסים חופפים לניהול ,כמובן שיותר קשה אבל אני מאוד אוהבת מתמטיקה ולא רוצה תואר שלא יממש את הפוטנציאל שלי
אני מקבלת מימון על התואר, חשבתי ללמוד בפתוחה אבל  שם יש לי מימון רק של 3 שנים ובמקומות אחרים מימון מלא לכל אורך התואר, והבנתי שהתואר בהנדסה תעשיה וניהול הוא מינימום 4 שנים בפתוחה והרוב מסיימים ב5,6 שנים 

המקום היחידי שיש בעיר שלי תעשיה וניהול שאליו אני יכולה להתקבל ישר זה בסמי שמעון אבל שמעתי על המכללה דברים לא טובים במיוחד.
חשבתי אולי להתפשר על תואר בניהול .. אבל לא מוכנה כלכך לוותר על תעשיה וניהול שלדעתי נחשב תואר עם קצת יותר שימוש.
חשוב לציין שאעבוד בערך 4 שעות ביום במהלך התואר ובפתוחה יש לי קצת יותר חופש מאשר במכללה/אונברסיטה עם חובת נוכחות.
המלצות שלכם? לעבור לסמי ללמוד תעשיה וניהול? או בפתוחה ולממן את השנתיים שישארו? או בכלל לעבור לבן גוריון-יש שם גם ניהול עם מגמת עסקי ספורט(ישלי עסק שקשור לספורט) או בפתוחה בדו חוגי עם סטסטיסיקה/כלכלה כי אני אוהבת מתמטיקה ויהיה יותר שמיש... או בפתוחה בניהול?
התלבטות קשה נורא.😭🥲",Zofia Harush,21,6,906,https://www.facebook.com/groups/mlimudim/posts/1093270678329865/,Oct-24
"שלום לכולם,
אשמח להרים את הכפפה לפוסט שאלות-תשובות על תחום הנדסת תעשייה וניהול. 

כמי שמלווה בחמש השנים האחרונות אלפי מתלבטים ללימודים, סטודנטים ובוגרים אשמח לשתף מהידע שלי.

מוזמנים להגיב בפוסט, רואה כל תגובה ומבטיחה לענות 🔝🤗

עוד מידע וטיפים בדף הפייסבוק לתחום הנדסת תעשייה וניהול 
מהנדסי המחר - הנדסת תעשייה וניהול",Chen Bar David,21,5,1119,https://www.facebook.com/groups/mlimudim/posts/1077830353207231/,Oct-24
"היי, 
אני בדיוק בתקופה המבלבלת של איזה תואר בא לי.
הייתי נעולה על משהו אבל הוא כבר לא רלוונטי 
אשמח לשמוע על תארים שהם לא ריאלים (הנדסה, רפואה וכו) שאתם לומדים ויכולים לספר עליהם.

ואם יש מישהו שלומד תקשורת?

תודה 🌟🙏🏻❤️",שחר סגל,20,10,1258,https://www.facebook.com/groups/mlimudim/posts/1082821612708105/,Oct-24
מה דעתכם – עדיף ללכת ללמוד תואר ‘בטוח’ כמו משפטים/חשבונאות או ללכת עם התשוקה ולעשות תואר ב’מקצוע פחות בטוח’ כמו אומנות או פילוסופיה? איזה החלטה תצדיק את עצמה יותר בעתיד?,מתלבטים בלימודים- הדף,20,8,4283,https://www.facebook.com/groups/mlimudim/posts/1086263849030548/,Oct-24
"היי 🙂 
עוד שבוע כולם מתחילים ללמוד ואני נרשמתי בלית ברירה לפסיכולוגיה (רציתי עבודה סוציאלית) כי זה הדבר היחידי שהיה בו מקום… מאוד מפחדת להתחיל ללמוד פסיכולוגיה כי אני לא יודעת מה לומדים בתואר ואם בכלל תואר ראשון יכול לפתוח דלת למשהו.. היעוד שלי להיות פסיכותרפית ובגלל זה הייתי נעולה על עוס. 
אנשים שלומדים פסיכולוגיה שיכולים לתת חווד על התואר? האם כדאי לדחות בשנה ולהתחיל עוס? ממש לא יודעת מה לעשות…",Anonymous participant,15,1,326,https://www.facebook.com/groups/mlimudim/posts/1089600858696847/,Oct-24
"היי לכולם אשמח לעזרה מבעלי הניסיון בפסיכומטרי
עשיתי קורס ביואל גבע קיבלתי 640
128 בכמותי
כדי להתקבל ללימודים שאליהן אני מכוון אני צריך מינימום 650 ו130 כמותי
(הבנתי שאולי שנה הבאה הדרישות יעלו)

השיקול שלי הוא האם לקחת קורס פרו ביואל גבע או שיש המלצה לדרך אחרת לשפר אולי אפילו עצמאית

לגבי הקורס פרו הבנתי שיש לו דגש חזק בכמותי ובנוסף לכמותי שאני צריך לשפר אני גם חלש מאוד באנגלית וזה מה שהפיל לי את הציון אז אשמח גם לטיפים מה לעשות באנגלית
חייב לציין שעשיתי את המקסימום שאפשר באנגלית מבחינת אוצר מילים וקריאת ספרים 
תודה לעונים🙏🏼",Anonymous participant,14,3,724,https://www.facebook.com/groups/mlimudim/posts/1081403139516619/,Oct-24
"היי אשמח לחוות דעת ממישהו שלמד פרסום ותקשורת שיווקית בקריה באונו אם הלימודים באמת מעניינים ויש תעסוקה עם שכר נורמלי אחרי 
מתלבטת מאד אם מתאים לי וצריכה לדבר עם מישהו שלמד
נ.ב אני בהתחלה הייתי בקטע של עבודה סוציאלית כי אני אדם של אנשים ואוהב לעזור אבל אין בזה כסף ויש יותר מתמטיקה ןאני לא ריאלית בעליל",Reut Holzman,14,2,781,https://www.facebook.com/groups/mlimudim/posts/1087162158940717/,Oct-24
"התחלתי ללמוד קצת את תחום ניהול הסושיאל אבל מרגישה שצריכה עוד קורס.
בנות שלמדו איפה  למדתן?
תודה רבה!",Yaar Chowers,13,7,375,https://www.facebook.com/groups/mlimudim/posts/1081006362889630/,Oct-24
האם אתם מתחרטים על הבחירה שעשיתם בלימודים?,מתלבטים בלימודים- הדף,12,12,4211,https://www.facebook.com/groups/mlimudim/posts/1087427052247561/,Oct-24
תחום הנדסת מכונות באמת לא מתגמל ולא שווה כמו שאומרים?,Tomer Mozes,12,10,1522,https://www.facebook.com/groups/mlimudim/posts/1094926674830932/,Oct-24
"היי
אני רוצה להתחיל תואר ראשון בניהול משאבי אנוש/מנהל עסקים וכלכלה 
עדיין מתלבטת בין מכללה לאוניברסיטה 
אשמח להמלצות באזור המרכז",Shoval Cohen,13,1,553,https://www.facebook.com/groups/mlimudim/posts/1097315564592043/,Oct-24
"היי, מחפשת באיזה תחום לעשות תואר ראשון :)
הבעיה היא שהתחומים שעניינו אותי הם מדעי ההתנהגות, אנטרופולוגיה ופסיכולוגיה והבנתי שזה תואר שלא עוזר כתואר ראשון.
אשמח לדעת אם משהו מכיר תחומים שאפשר לעבוד בהם עם התארים האלה או אם יש תואר דומה שיש בו יותר עשייה והכנסה.

שאלה נוספת, אם משהו יודע מה המסלול לימודים שדרכו מגיעים לתרפיה בבישול או באומנות.

תודה..",Anonymous participant,10,15,412,https://www.facebook.com/groups/mlimudim/posts/1091387505184849/,Oct-24
מחפש עובדים מ-8 בבוקר עד 14:00 חמישה ימים בשבוע למעט שבת וראשון... שכר טוב מאוד,Anonymous participant,10,8,903,https://www.facebook.com/groups/mlimudim/posts/1091369188520014/,Oct-24
"מנסה את מזלי לקבל פה מידע/הכוונה.
בת 36, ללא בגרות .
בעלת מקצוע  (רוצה לשנות כיווןן לגמרי כי המקצוע הולך ודועך).
קוראת על לימודים, מנסה להבין מה אני רוצה לעשות ונתקלת בהרבה סימני שאלה עם עצמי.
מה לומדים? האם לגשת לעשות תואר בשביל הטייטל?

נכון להיום ולאחר שקצת חקרתי התחברתי לתואר במדעי ההתנהגות ותואר במדעי התזונה.
לשניהם יש תנאי קבלה אך במדעי התזונה תנאי הקבלה קשים במיוחד ודרוש פסיכןמטרי מאוד גבוהה.

כמעט כל החברות השוות בחוץ לא מסתכלות עלי כשאין לי תואר (כל תואר)
מרגישה שאני תקועה, מרגישה שאני יכולה כל כך יותר פשוט לא יודעת לאן לפנות.
אוהבת לחקור אוהבת להבין איך דברים עובדים
פחות מתחברת לעניין מחשבים והייטק כגון מתמטיקה, אין לי ראש חריף למספרים וזה אפילו קשה לי בהבנה.
מרגישה שיש לי יכולות ניהול גבוהות למרות שאין לי ניסיון.

מרגישה אבודה ויותר מזה, מרגישה שהזמן בורח לי בין האצבעות ואין לי עם מי להתייעץ, לשאול ולהבין
תודה למי שקרא
ואשמח לכל תשובה🤞🏻",Anonymous participant,9,12,834,https://www.facebook.com/groups/mlimudim/posts/1095321994791400/,Oct-24
"שלום לכולם!!!
אשמח לשמוע מאלה מכם שכמוני, התלבטו ועדיין מתלבטים לגבי תואר שמלמד מקצוע יותר ריאלי לעומת תואר הומני-אומנותי ויצירתי",Roni Zislis,10,6,809,https://www.facebook.com/groups/mlimudim/posts/1091066058550327/,Oct-24
"חברים שלמדו קורס אבטחת מידע במכללה שמלמדת חמישה חודשים
ובאמת עובדים בזה? המלצות",Anonymous participant,11,0,331,https://www.facebook.com/groups/mlimudim/posts/1095881908068742/,Oct-24
למי מתאים ללמוד משפטים?,Anonymous participant,10,3,387,https://www.facebook.com/groups/mlimudim/posts/1095978184725781/,Oct-24
"היי מתלבטת בין לימודי 
מדעי התנהגות/פסיכולוגיה/עוס/משאבי אנוש 
מה הכי הרבה אופציות יש שאפשר להתקדם?",לינוי ,10,2,417,https://www.facebook.com/groups/mlimudim/posts/1097817221208544/,Oct-24
"היי, כרגע בהתלבטות לגבי הלימודים לשנה הבאה. הרצון להיות ba
כרגע מבחינת הציונים שלי אני מתקבל להנדסת תעשייה וניהול לאוניברסיטת תל אביב ולבן גוריון ונכנס לוועדת לחריגים להנדסת מערכות מידע בבן גוריון (בתל אביב אין תואר כזה)
ההתלבטות שלי היא מה מהם ללמוד והאם לקחת סיכון בוועדת חריגים (פסיכומטרי אחרון כמותי 138 ובכנות אין לי כוח לעשות עוד אחד).
להבנתי תואר בהנדסת תעשייה וניהול הוא יחסית כללי וגם פחות נחשב בשוק וקצת מלחיץ אותי להשקיע 4 שנים במשהו שבסוף לא ישתלם

אשמח לדעת ההמונים ולהתייעץ עם אנשים שעובדים בתחום",Anonymous participant,9,4,779,https://www.facebook.com/groups/mlimudim/posts/1094087798248153/,Oct-24
"מתלבט על איזה קורס ללכת זה של לוחמים להייטק.
על מה אתם ממליצים? יש לי 10 יחידות הנדסת תוכנה עשיתי 5 פיזיקה 5 מתמטיקה אם זה משפיע על הבחירה",Nir Koorshid,9,1,1051,https://www.facebook.com/groups/mlimudim/posts/1095453194778280/,Oct-24
"בת 23 
ממוצע בגרויות עומד כרגע על 92 
רוצה ללמוד משפטים באוניברסיטת בר אילן. 
מחפשת אנשים שלומדים או למדו שם ויודעים להגיד לי כמה אני צריכה מיצוי בגרויות ופסיכומטרי בשביל להתקבל.",Anonymous participant,8,6,1610,https://www.facebook.com/groups/mlimudim/posts/1096586544664945/,Oct-24
כמה האווירה בקמפוס השפיעה על הבחירה שלכם במוסד לימוד?,מתלבטים בלימודים- הדף,8,6,693,https://www.facebook.com/groups/mlimudim/posts/1093344434989156/,Oct-24
אנשים שלומדים הנדסה בבראודה או הנדסה בכללי מה אתם ממליצים? על איזה הנדסה ללכת? והאם התואר ממש משעמם? אשמח להתייעצות חברים.,Anonymous participant,8,4,534,https://www.facebook.com/groups/mlimudim/posts/1083138046009795/,Oct-24
"שלום לכולם מתלבט להתחיל ללמוד באוניברסיטה הפתוחה תואר במעדי החברה (לא סגור על איזה).
בעיקר בגלל הגמישות והאפשרות לעבוד תוך כדי הלימודים. 
האם אתם ממליצים ? 
האם זה באמת גמיש ? 
תוך כמה זמן ניתן לסיים שם תואר ? 
מה רמת הקושי של הקורסים ? 
תודה רבה לעונים !",Benny Lazerson,8,4,360,https://www.facebook.com/groups/mlimudim/posts/1095014961488770/,Oct-24
"היי
ממש אשמח לעזרה מתלבטת מאוד בין הנדסה תעשיה וניהול לניתוח נתונים וסטטיסטיקה בבן גוריון,
היתרונות מבחינתי להנדסה תעשיה וניהול זה שהוא לא תואר קשה מדי מבחינת המתמטיקה(ממה שהבנתי פה) אבל עדין ריאלי (מתמטיקה לא הצד החזק שלי-60 ב4 יח״ל), לעומת ניתוח נתונים שהוא תואר קצר ביחס להנדסה שזה מאוד משנה לי בהתחשב שאתחיל ללמוד כנראה רק בגיל 25-26 ולא לעבוד במשך 3/4 שנים זה לא משהו שאני יכולה לעשות..
וגם הבעיה שאני לא יודעת כמה הבדל יש במתמטיקה של ניתוח נתונים לעומת הנדסה תעשיה וניהול וזה מאוד משנה לי, אני מפחדת שיהיה לי קשה מדי ולא אוכל להתמודד.
(אני די סגורה על הכיוון שאני מתעניינת של דאטא אנליסט וכו׳ סיימתי לאחרונה קורס שלמדתי בו את כלי היסוד  של התחום)",Anonymous participant,8,4,756,https://www.facebook.com/groups/mlimudim/posts/1088897805433819/,Oct-24
"היי, 
כרגע אני די באזור ביניים בחיים, כמו הרבה אנשים שהשתחררו מהצבא ולא בטוחים איזה כיוון לקחת מבחינת לימודים.

אני חשבתי המון עוד במהלך הצבא על מה ללמוד ולעסוק. אני אמנותית ואוהבת יצירתיות (כל החיים אני יוצרת ומציירת), ומרגישה שאם לא אלך לתחום שבו אשכלל את היצירה שלי והראש היצירתי ארגיש פספוס. מצד שני, בצבא הייתי בתפקיד אינטגרציה ביחידת סייבר ובבית הספר יצא לי לתכנת קצת ולפתח, אבל לא בטוחה אם זה הכיוון אותו אני צריכה לקחת. ואני גם חוששת ממצב השוק ובזה שכמעט ואין עבודה בעיצוב גרפי מרוב שיש ריווי מועמדים. בסוף אחרי הלימודים אני רוצה להגיע למצב שאני כן אוכל למצוא עבודה בתחום אותו בחרתי ללמוד.

כרגע אני חוסכת כסף ללימודים אז מבחינה כלכלית אין לי בעיה, ויש לי גב כלכלי תומך.

פשוט קשה לי מאוד להחליט איזה כיוון לקחת ומה ללמוד, ואם באמת ללכת לתקשורת חזותית האם עדיף להתחיל בקורס UI/UX תעודה, או שעדיף כבר ללכת לתואר שלם בתחום הזה בשנקר/ויצו חיפה/HIT.

אשמח לדעת מה אפשר לעשות ועצות יתקבלו בברכה, גם אנשים שכבר בתחום הזה.",Natalie Gasina,8,3,398,https://www.facebook.com/groups/mlimudim/posts/1095970984726501/,Oct-24
"היי, מנסה שוב כי התעלמו מהפוסט הקודם
אני רוצה ללמוד מדעי ההתנהגות, אשמח לשמוע במה אפשר לעבוד אחרי זה חוץ ממשאבי אנוש בחברות כלשהן כי זה פחות מעניין אותי אבל המקצוע עצמו מאוד מעניין לטפל באנשים וכל זה 
אודה לעזרתכם",Anonymous participant,8,2,400,https://www.facebook.com/groups/mlimudim/posts/1094853448171588/,Oct-24
"שלום לכולם 
לוחם משוחרר ( השתחררתי באוגוסט 23 ומאוקטובר במילואים עד היום )
אני מתלבט מה אני רוצה ללמוד לא יודע מה מדבר אליי הכי חשוב לי זה לימודים שיהיו פרקטיים ולא אצטרך לחפש את עצמי אחרי התואר 
חשבתי ללמוד הנדסאי בניין פלוס מנהל עבודה והבנתי שיש אחלה שוק לזה בחוץ ולימודים קצרים (שנתיים לימודי הנדסאי חצי שנה מנהל עבודה )
מה דעתכם ?
ואם יש לכם עוד דברים להציע אני אשמח ❤️
תודה לכולם",Anonymous participant,8,1,963,https://www.facebook.com/groups/mlimudim/posts/1082206906102909/,Oct-24
"שלום לכולם 🙂 
רשומה כבר לתעשייה וניהול ומתחילה בעזרת השם בנובמבר הקרוב. 
אחרי אינסוף שיחות והתלבטויות עדיין יש ספק קטן אם זה הדבר הנכון. 
אני עובדת כרגע בחברת הייטק ויצא לי בשנה האחרונה לבדוק את כל הכיוונים וכן אגיד שהתפקידים שניתן להגיע אליהם דרך תעשייה וניהול מעניינים אותי יותר ובכל זאת הכלליות של המקצוע קצת מפחידה אותי ולכן יש לי התלבטות קטנה אם ללכת דווקא לכיוון של הנדסת תוכנה.
אשמח להמלצות/דיס המלצות/עזרה וכו׳…",Anonymous participant,7,5,1398,https://www.facebook.com/groups/mlimudim/posts/1081458702844396/,Oct-24
"היי,
אשמח להתייעץ עם סטודנטים או בוגרי כלכלה/ כלכלה ותקשורת",Meitar Zur,8,0,303,https://www.facebook.com/groups/mlimudim/posts/1091601351830131/,Oct-24
יותר קל להשלים 5 יחידות מתמטיקה או 5 פיסיקה?,Anonymous participant,6,9,869,https://www.facebook.com/groups/mlimudim/posts/1084895285834071/,Oct-24
"שלום לכולם 
אשמח לעזרה 
אחד מתנאי הקבלה לתואר שאני מעוניינת ללמוד זה בגרות במקצוע מדעי (כימיה/ביולוגיה) 
אציין שלעולם לא למדתי את המקצועות האלה בתיכון 
האם קורס השלמת בגרויות של 3 חודשים (פעמיים בשבוע) יתאים לי? אני אצליח ללמוד את כל החומר לבגרות אם אין לי ידע בכלל בנושא?",Anonymous participant,7,4,225,https://www.facebook.com/groups/mlimudim/posts/1094881468168786/,Oct-24
היי מה אומרים על אחות ויטרנית זה טוב יש בזה עבודה מרוויחים  טוב,Adlan Shirel,7,4,1438,https://www.facebook.com/groups/mlimudim/posts/1083561972634069/,Oct-24
"מי שמבין בנושא-
אני בת 30+ אם חד הורית לילדים צעירים
ועובדת כתומכת הוראה בבית ספר תיכון.
לי אישית, אין בגרות מלאה
יש לי מעט יחידות שכן הצלחתי לעשות מהסיבות שלי.
אולי זה נראה מעט מוזר שאני מתעניינת בזה בגיל כזה
אבל אני שוקלת האם כדאי לי אולי לנסות לגשת בעצמי ולהשלים את הבגרויות? אם כן איך זה בכלל מתבצע בגיל כזה ברמה הטכנית? ולמשל מה מבחינת מגמה למי שכבר לא תלמיד בבית ספר ומשלים בגרויות.
תודה!",Anonymous participant,7,3,492,https://www.facebook.com/groups/mlimudim/posts/1096656677991265/,Oct-24
"היי
אשמח לדעת על המלצות למכללות או אוניברסיטאות לתואר ראשון בהנדסת מכונות.
שוקלת כרגע את אוניברסיטת אריאל, אשמח לשמוע גם חוות דעת בנושא🥰",Shaked Avraham,7,2,425,https://www.facebook.com/groups/mlimudim/posts/1091715381818728/,Oct-24
"אני עם ממוצע 85 בערך ושלוש יחידות אנגלית. עדיין רלוונטי לחפש לימודים או שמאוחר מידי? 
לימודי חינוך וכו",Anonymous participant,7,2,409,https://www.facebook.com/groups/mlimudim/posts/1081288142861452/,Oct-24
"היי חברים 
אני מעוניין להתחיל ללמוד 
ורציתי לדעת האם יש לכם המלצה ליועץ/ת תעסוקתית שיכולה להכווין. 
אשמח לשמוע מכם 
תודה רבה",Avi Mishal,7,1,404,https://www.facebook.com/groups/mlimudim/posts/1083498069307126/,Oct-24
"היי מתלבטת אם ללמוד הפתוחה חשבונאות עם חטיבה בכלכלה .. אשמח לשמוע ממי שלמד . 
בנוסף רוצה לעשות קורס לפני כן של חשבת שכר בכיר ומנהלת חשבונות כדי לדעת אם זה בכלל מתאים לי . 
 המלצות ?!",Anonymous participant,7,0,247,https://www.facebook.com/groups/mlimudim/posts/1096819684641631/,Oct-24
"היי, אני מתחילה לימודים קדם אקדמיים (חלופת פסיכומטרי) בבאר שבע שבוע הבא בקמפוס טוביהו ורציתי לדעת ממי שעשה את הקורס למה לצפות מבחינת מהו העומס הלימודי, האם ניתן לשלב עבודה במשרה חלקית, איך המבחנים מתבצעים, איך המורים והגישות לימוד שלהם ודרכי הגעה לקמפוס, מאיזו תחנת רכבת הגעתם וכמה זמן הליכה זה למקום?",Nicole Lifshiz,6,4,522,https://www.facebook.com/groups/mlimudim/posts/1092106998446233/,Oct-24
"היי לכולם!
בן 27 , מתחבט עם עצמי מה לעשות עם החיים.
כרגע עובד בעבודה שממש לא משקפת את היכולות שלי (זה לא אני אמרתי זה האנשים הסובבים אותי בעבודה)

למדתי עיצוב גרפי שנה , אני יודע שאני טוב (מקבל פידבקים ממעצבים שלמדו במוסדות הרבה יותר מוכרים וממש מפרגנים) עם כל זאת , התחום הזה של העיצוב גרפי ממש עמוס ורווי ככה שכל מקום שאני ניגש אליו (אני עצמאי) מחפשים לשלם מחיר בתחתונים. 

בשבוע האחרון אני מתחבט עם עצמי ואשמח להכוונה מכאלה שיש להם עצה טובה (אין לי כל כך עם מי להתייעץ)

חושב על להתחיל ללמוד לימודי תעודה (הנדסי בניין/תוכנה)
מה לעשות ? על מה ללכת? אוהב חומרה מגיל 6 בערך מפרק ומרכיב מחשבים , אבל גם הקטע של לנהל ולפקח מדליק אותי. 

**אחת הסיבות שאני מתחבט עם עצמי כל כך על העיצוב הגרפי היא שאני ממש משקיע ואנשים באים ומורידים לקרשים , ולצערי זה נהיה מקצוע של שיווק טוב ולא של סקיל (ואני יודע שיווק דיגיטלי) אשמח לעזרה והכוונה 
אוהב ♥️",Anonymous participant,5,9,971,https://www.facebook.com/groups/mlimudim/posts/1090297045293895/,Oct-24
"היי אני מתחילה ללמוד תואר במשאבי אנוש שבוע הבא, ואני מתלבטת בין אייפד(עם מקלדת ועט כמובן) או לפטופ(אשמח אם תוכלו להמליץ לי על דגם)",Anonymous participant,6,3,419,https://www.facebook.com/groups/mlimudim/posts/1092379845085615/,Oct-24
"שלום אשמח לחוות דעת כמה שיותר יותר טוב בבקשה 
אני חייל משוחרר ואני מעוניין להתחיל בלימודים לפני שיהיה מאוחר מדי אבל אני בחור מאוד סקפטי ולא סומך יותר מדי על כל המכללות ומה שהם מציעים לי וכמה שאני מנסה לברר אני לא מוצא דרך אז אשמח לשמוע עליכם קצת במה אתם מתעסקים וטוב לכם /רע לכם /מתחרטים /לא מתחרטים 
אשמח לשמוע כמה שיותר כי אני רוצה להתחיל אבל לא יודע מאיפה ובמה 
אני מעוניין בעיקר במשכורת גבוהה וכמה שיותר יותר טוב לי רוצה לעשות אם עצמי משהו אבל כרגע אני מרגיש מבולבל ולחוץ ולא יודע מה לעשות כרגע ואיפה לחפש ומה לחפש 
תודה מראש למגיבים🤞🏾",Anonymous participant,5,8,527,https://www.facebook.com/groups/mlimudim/posts/1092275151762751/,Oct-24
"תואר בביולוגיה חישובית
כן לא ולמה לא?",Anonymous participant,6,3,646,https://www.facebook.com/groups/mlimudim/posts/1083066076016992/,Oct-24
"היי, אני בשלבי תהליך קבלת החלטה היכן ללמוד פסיכולוגיה (תואר ראשון). אשמח לתשובות על השאלות הבאות:
1. האם יש אוניברסיטאות/מכללות שנחשבות יותר טובות ללימודים. כאלה שמתמחות באופן מובהק בתחום, יש מרצים מומחים והסילבוס שלהם יותר עשיר? ומהן?
2. האם יש השפעה היכן עשית את התואר הראשון על המשכת התואר השני במוסדות אחרים?
3. מה תחומי הפסיכולוגי שניתן להתמחות בהן?
4. האם לאחר התואר הראשון/במהלך התואר השני יש ביקוש לעבודות בתחום?
5. אומרים שתנאי הקבלה לתואר שני מונעת מהרבה מאוד בוגרי תואר ראשון להמשיך לתואר השני, מדוע?
תודה לכל העונים🙏",Ohad Kahn,6,3,466,https://www.facebook.com/groups/mlimudim/posts/1084555075868092/,Oct-24
"מחפש הכוונה למה ללמוד.
מכירים כזה?",Ohad Shalom,6,2,279,https://www.facebook.com/groups/mlimudim/posts/1092784328378500/,Oct-24
מה דעתכם על מלגת פר״ח כדאי לעשות?,Anonymous participant,6,2,446,https://www.facebook.com/groups/mlimudim/posts/1096023608054572/,Oct-24
"היי,
אני כרגע בהתלבטות בין תואר בכלכלה לבין תואר בפוליטיקה וממשל בבן גוריון. עד כמה תואר בפוליטיקה וממשל פותח דלתות למשרות כלכליות? מה השיקולים שכדאי לקחת לפני בחירה באחד מהמסלולים?",Meitar Zur,6,2,792,https://www.facebook.com/groups/mlimudim/posts/1084989299158003/,Oct-24
"היי, אשמח להתייעץ עם חברה שסיימו תואר ראשון בפסיכולוגיה בפתוחה וגם עם חברה שהתחילו בפתוחה ועשו אפיק מעבר לתל אביב. אשמח לחיבורים, תודה❤️",Anonymous participant,6,1,280,https://www.facebook.com/groups/mlimudim/posts/1095986328058300/,Oct-24
"שלום סטודנטים, אני כותב כאן כי אולי מישהו עבר חוויה דומה, קיבלתי מייל מהאוניברסיטה על הפסקת לימודים. ולא לא הייתה ועדה. כישלון פעמיים באותו קורס בודד. ממוצע כלל הקורסים מאוד גבוה. זה קורס סובייקטיבי שהמרצה נותן ציון כראות עיניו. זה לא קורס עיוני. הלימודים הללו זה חלום חיי. גם הפסקת הלימודים הזו חוסמת לי המון אופציות. זה לא קל. אני מאוד בחרדות. מרגיש שאין לי למי לפנות באוניברסיטה. מישהו נתקל במצב דומה והצליח לעשות משהו?",Anonymous participant,4,10,757,https://www.facebook.com/groups/mlimudim/posts/1090258671964399/,Oct-24
"היי לכולם עתיד להתחיל תואר בכלכלה וחשבונאות ..
האם אייפד הכרחי ומומלץ או אפשר להסתדר עם מחברות ?",Anonymous participant,6,0,285,https://www.facebook.com/groups/mlimudim/posts/1092341141756152/,Oct-24
"שלום לכולם 
יש לי שאלה אני מתלבט אם ללמוד תואר במנהל עסקים: 
אם אתה רוצה להיות שכיר אז התואר מכוון אותך לתפקידים של ניהול או להיות כלכלן או אנליסט או משהו שגם ככה המעסיקים רוצים יותר ניסיון ויכולות פרקטיות שבלי הניסיון והיכולות האלו אז לא יקבלו אותך לעבודה נכון? 
ואם אתה רוצה לפתוח עסק ולהיות איש עסקים ויזם אז התואר נותן לך רק תיאוריות וגם חלק מהתיאוריות הן לא רלוונטיות ואפילו בקורס יזמות עסקית מלמדים אותך רק תיאוריות ולא אומרים לך איך לפתוח עסק או איך להקים מיזם וסטראטפ מצליח בפרקטיקה במעשי ולא אומרים לך איזה מיזם או עסק להקים נכון?ותוך כמה זמן באים יזמים ואנשי עסקים מצליחים בעלי ניסיון מעשי ללמד ולתת הרצאה?וגם הם לא אומרים לך איזה מיזם או עסק להקים נכון? 
ולמי שרוצה להיות שכיר אז לדעתכם זה יעזור למצוא עבודה או שכל המעסיקים רוצים יותר ניסיון כמו שאמרתי בהתחלה שקשה לרכוש אותו בזמן התואר? ומי שרוצה להקים עסק ולהיות יזם אז לדעתכם התואר יעזור לכם וגם הקורס יזמות עסקית יעזור לכם או שזה רק תיאוריות לא פרקטיות ולא מעשיות ולא מלמדים אותך איך להקים מיזם או עסק בפרקטיקה בשטח במעשי ולא אומרים לך איזה עסק או מיזם להקים?וגם חוץ מזה אם אתה רוצה להקים עסק ולא להיות שכיר אז אפשר ללמוד קורס של מנהל עסקים ויזמות תוך כמה חודשים ולא תוך 3 שנים נכון?כי 3 שנים זה הרבה זמן וגם העולם נהיה יותר טכנולוגי וזה ידע כללי פיננסי

תודה רבה לעונים.",אושר שאוליאן,6,0,767,https://www.facebook.com/groups/mlimudim/posts/1084813742508892/,Oct-24
"מה קורה חברים אשמח לשמוע
אם מישהו מכיר וממליץ
או שזה סתם כותרות מפוצצות",Anonymous participant,6,0,1679,https://www.facebook.com/groups/mlimudim/posts/1086333075690292/,Oct-24
חברים מישהו יודע אם יש תואר שעוסק בהעברת הרצאות ועמידה מול קהל? האם צריך לזה תואר כדי להצליח בזה או שקורס אצל מישהו מספיק?,Anonymous participant,5,4,398,https://www.facebook.com/groups/mlimudim/posts/1083141599342773/,Oct-24
"המלצה על מכללה ללימודי קורס הייטק? 
לימודי תוכנה או QA",Anonymous participant,5,3,271,https://www.facebook.com/groups/mlimudim/posts/1092068761783390/,Oct-24
"הי, 
יש לי חוסר ביטחון בנושא הזה. 
בלימודים לא השקעתי וזה בלשון המועטה. 
אני באמת לא יודעת ולא זוכרת מה היכולות הלימודיות שלי,ממש רוצה לעשות תואר ולהצליח אותו ויש לי חשש ממש גדול שבגלל שלא הוצאתי בגרות איך בכלל אוכל להצליח להוציא תואר? 
בנות שלא היה להן בגרות גם לכן היה את החשש הזה?איך הצלחתן להתגבר על הפחד המטורף הזה? 
ממש מפחדת",Anonymous participant,5,3,435,https://www.facebook.com/groups/mlimudim/posts/1096205108036422/,Oct-24
"אשמח לדעת אם יש המלצות/דיס המלצות על אייפד (עם מקלדת) לתואר  (פסיכולוגיה)
תודה לעוזרים!",Or Josef,5,3,322,https://www.facebook.com/groups/mlimudim/posts/1080983626225237/,Oct-24
"שלום לכולם☺️
אשמח לעזרתכם 
מתלבטת על איזה תואר לעשות 
נרשמת לתואר ראשון באוניברסיטה הפתוחה במרץ הקרוב
מתלבטת בין שני תארים 
תואר B.A במדעי החברה 
או תואר בניהול עם חטיבה במשאבי אנוש.
אני מאז ומתמיד מתחברת לנושאים האלה והיום עובדת גם בתור רכזת גיוס בחברת השמה .
מעוניינת להתקדם לתפקידי HR בחברות גדולות .
אך לא יודעת מה יעזור וימקד אותי יותר במה שאני רוצה להתעסק בו בעתיד .
אשמח לעזרה ממי שלומד את התארים האלה ויכול קצת להסביר לי במה מדובר 
או ממי שלמד ויכול להגיד לי איך משתלבים בתעשייה עם התארים האלה . 
חג שמח לכולם🤍🙏🏻",אלינה יאשקרדין,4,8,589,https://www.facebook.com/groups/mlimudim/posts/1083761459280787/,Oct-24
"ערב טוב, אני עוד מעט מתחיל מכינה ייעודית להנדסה. ידוע שלומדים חומר של 4-3 שנים בפחות משנה. האם הייתם ממליצים לשלב עבודה? המטרה שלי זה לקבל ממוצע של 85 לפחות, כדי שיהיה לי פטור מפסיכומטרי.
אשמח לעצתכם.",Anonymous participant,5,2,390,https://www.facebook.com/groups/mlimudim/posts/1081624386161161/,Oct-24
"אני ממש מחפשת אפליקציית AI ללימוד אנגלית, שבה אוכל ממש לשוחח בשפה האנגלית, והאפליקציה תתקן אותי כשאני טועה. אם היא גם תסביר לי את הטעויות או תספק כללים – זה יהיה נהדר. יש למישהו המלצה?",בתאל סויסה,5,2,283,https://www.facebook.com/groups/mlimudim/posts/1081342556189344/,Oct-24
"היי
אני מחפשת ללמוד משאבי אנוש במכללה באיזור המרכז
אשמח להמלצות🩷",Adi Yosopov,5,1,229,https://www.facebook.com/groups/mlimudim/posts/1089429252047341/,Oct-24
"הי, אני בהתלבטות קשה בין אם לגשת לפסיכומטרי או לשפר מתמטיקה ולהתקבל על סמך תעודת בגרות בלבד, יש אוניברסיטאות שמקבלות אותי על סמך פסיכו בלדבד ויש כאלה שמקבלות על סמך פסיכו אבל הציון במתמטיקה שלי לא עומד בתנאי סף אז אצטרך לשפר מתמטיקה ואם אשפר מתמטיקה אז כבר אוכל להתקבל על סמך בגרות ואז הפסיכו הלך לפח, אני עדיין לא יודעת מה אני רוצה ללמוד אבל מעדיפה להשאיר את האופציות פתוחות בקיצור אשמח להתייעץ עם משהו שמבין בעניין והיה כבר בשלב הזה 🙏🏼
לעשות רק פסיכו? לשפר רק מתמטיקה? גם וגם?😥",Anonymous participant,5,1,245,https://www.facebook.com/groups/mlimudim/posts/1095671408089792/,Oct-24
"דעתכם על האקדמית תל אביב יפו?
שווה ללמוד שם? נחשבת טובה?
ובכלל על מסלולי כלכלה וניהול או פכמ ?",Anonymous participant,5,0,196,https://www.facebook.com/groups/mlimudim/posts/1093001205023479/,Oct-24
"מישהו יכול להמליץ לי על תואר?
החוזק שלי הוא חשיבה אנליטית ופתרון בעיות. בעקבות נסיון- מחשבים, רפואה וביולוגיה לא מדברים אליי. אני גם לא חזקה במקצועות הומאניים. אני יותר בכיוון של דברים מוחשיים ודוממים, חשבתי על הנדסת חומרים אבל זה עמוס מדי ואני לא רוצה ללמוד 15 שעות ביום, יש לי חיים, תחביבים ובעיות בריאות ואין סיכוי שאני לא אפרוש באמצע. אני לא בטוחה איפה ארצה לעבוד (ולא מצליח לי להבין) אבל רוצה משכורת 12+. מישהו מכיר משהו שאולי עוד לא שמעתי עליו?",Anonymous participant,4,5,530,https://www.facebook.com/groups/mlimudim/posts/1090930001897266/,Oct-24
"היי רוצה ללמוד תואר במדעי המחשב , אשמח להמלצות איפה הכי כדאי ללמוד מבחינת לימוד מעשי וכיתות לא עמוסות .לא כזה מפריע לי המרחק",Orian Nada,5,0,650,https://www.facebook.com/groups/mlimudim/posts/1090855988571334/,Oct-24
איזה מחשב מומלץ ללימודי ראיית חשבון? חשוב שיהיה קל משקל,Anonymous participant,4,4,398,https://www.facebook.com/groups/mlimudim/posts/1081354912854775/,Oct-24
"אני מתלבטת לגבי לימודי מדעי המחשב ומחפשת לשמוע קצת מניסיון של מי שכבר לומדים בתחום. למדתי בעבר מתמטיקה בסיסית, אבל אין לי רקע חזק במיוחד, ואני תוהה עד כמה זה באמת נדרש והאם אפשר להצליח גם אם אני לא מתחילה עם בסיס מתמטי מוצק.

שאלות שמעסיקות אותי:

 • איך אתם מתמודדים עם החלק המתמטי בתואר?
 • האם לדעתכם אפשר להצליח בתחום גם אם אני פחות חזקה במתמטיקה, אבל מוכנה להשקיע?
 • מה הייתם ממליצים למישהו במצב שלי לעשות כדי להיערך ללימודים?

אני שוקלת להתחיל את התואר בשנה הבאה, אז כל עצה, טיפים או שיתוף חוויות יתקבלו בברכה! תודה רבה מראש! 🙏",Anonymous participant,4,4,420,https://www.facebook.com/groups/mlimudim/posts/1096488891341377/,Oct-24
"היי,

אשמח לשמוע ממישהו שמכיר: 
תואר שני בהנדסת תעשיה וניהול (עם תואר ראשון בתחום של מדעי החברה), האם אפשר להתקבל לתפקידים שדורשים תואר ראשון בתחום או שזה מוכוון לתפקידים אחרים, ואם כן איזה?
האם זה תואר שמומלץ רק עם ניסיון? 
אם יש למישהו ניסין ויכול לעזור עם זה אני אשמח מאד",Anonymous participant,4,4,373,https://www.facebook.com/groups/mlimudim/posts/1081527926170807/,Oct-24
היי יכולים לתת לי חוות דעת על תואר בפסיכולוגיה באקדמייה למשפט ועסקים🙏,Bat Sheva,4,4,299,https://www.facebook.com/groups/mlimudim/posts/1095887251401541/,Oct-24
היי מתלבטת אם ללמוד מנהל עסקים יש לי המון עניין בתחום השאלה אם לא מדובר בתואר כללי מידי ?,ירין מיכאל,4,4,219,https://www.facebook.com/groups/mlimudim/posts/1096200291370237/,Oct-24
"היי רציתי לדעת מה ההבדל בין הנדסת תעשיה וניהול לבין מערכות מידע? 
ומה יותר מומלץ לי ללמוד לאחת שלא מתחברת לניהול
תודה 🙏🏻",Anonymous participant,4,3,713,https://www.facebook.com/groups/mlimudim/posts/1079278369729096/,Oct-24
"שבוע טוב לכולם 
מתלבט בין 3 תארים אשמח לשמוע יתרונות וחסרונות של כל אחד ,הייתי כבר בימים פתוחים אבל עדיין לא הצלחתי לגבש דעה בטוחה של מה שאני רוצה ללמוד 
1. הנדסת חשמל 
2. משפטים
3. שמאות מקרקעין",Anonymous participant,4,3,357,https://www.facebook.com/groups/mlimudim/posts/1095309254792674/,Oct-24
"הבת זוג מתלבטת על להיות מדריכת פילאטיס .
מכירים ? ממליצים?
יש פה אולי מישהו שבתחום שאפשר להחליף כמה מילים?

תודה מראש",נתנאל פיטוסי,4,2,1880,https://www.facebook.com/groups/mlimudim/posts/1085886159068317/,Oct-24
"חושבת לעשות דיפלומה בהנדסה אבל לא יודעת כמה מקבלים את זה בחוץ.. 
או שמצד שני לעשות תואר במשאבי אנוש 
מה עדיף?",Anonymous participant,4,2,767,https://www.facebook.com/groups/mlimudim/posts/1085105032479763/,Oct-24
"אשמח לעזרה..
איך יודעים האם כדאי לעשות תואר או לימודי הנדסאי? ואיך יודעים מה רוצים ללמוד",Anonymous participant,4,2,476,https://www.facebook.com/groups/mlimudim/posts/1081986459458287/,Oct-24
"היי רציתי לשאול מה עדיף..
תואר ראשון בהנדסת תוכנה/מכונות במכללת אפקה או מכללת סמי שמעון בבאר שבע? 🙏🏼 אשמח לחוות דעת על המכללות🙏🏼🙏🏼",Anonymous participant,4,2,552,https://www.facebook.com/groups/mlimudim/posts/1086258062364460/,Oct-24
"היי חברים אשמח להתייעצות 
כרגע בן 23 מתלבט אם להתחיל ללמוד חשבונאות במכללה למנהל השנה או לדחות לשנה הבאה כי אני עדיין לא סגור על התחום, השאלה אם להתחיל בגיל 24 זה לא מאוחר? לסיים התמחות בגיל 29.5…?",Anonymous participant,3,7,217,https://www.facebook.com/groups/mlimudim/posts/1092146681775598/,Oct-24
היי לכולם מתלבטת לגבי תואר במדעי הנתונים בתל אביב אם מישהו לומד או מכיר ויכול להמליץ🙏🏻🙏🏻,Liav Zaguri,4,1,357,https://www.facebook.com/groups/mlimudim/posts/1083206972669569/,Oct-24
"שלום לכולם, 
יש כאן מישהו שלמד הנדסאי אלקטרוניקה ומחשבים במכללה טכנולוגית?
אשמח לחוות דעת בנוגע ללימודים ולעבודה שלאחר מכן. 
תודה רבה 🙏",Meital Heffetz,4,1,429,https://www.facebook.com/groups/mlimudim/posts/1088339155489684/,Oct-24
"היי 🙂
אני בת 29 תכף. וחושבת ללכת לכיוון של תואר ראשון בריפוי בעיסוק, עבודה סוציאלית.
או תחום טיפולי אחר, מוזמנים להמליץ.
התעודת בגרות שלי ממוצע 80, שזה לא מספיק מסתבר, ובשאר הדרישות אני לא עומדת 😅
מישהו יודע על אלטרנטיבות? או שאין מנוס? וצריך פסיכומטרי וכו.
-כבר למדתי בעברי באוניברסיטה הפתוחה פסיכולוגיה אבל נטשתי כי המסגרת החופשייה פחות התאימה לי.",Anonymous participant,4,1,326,https://www.facebook.com/groups/mlimudim/posts/1079128806410719/,Oct-24
"אשמח לעזרה בבקשה
בת 20, מתלבטת האם ללמוד
-משפטים
-דאטה אנאליסט
-הנדסת תעשייה וניהול
אשמח בבקשה ליתרונות וחסרונות, איפה כדאי ללמוד, והאם שוק העבודה לאחר מכן נוח ויהיה קל למצוא עבודה להתחיל בה.
תודה רבה מראש🙏🏻",Lilach Prizant Goolboos,3,6,1205,https://www.facebook.com/groups/mlimudim/posts/1079163499740583/,Oct-24
"היי 
אני הנדסאית מכונות - מכטרוניקה ואני רוצה להשלים למהנדס
שווה את זה או? 
איפה הכי כדאי ללמוד?
תודה מראש 🤗",Anonymous participant,4,1,232,https://www.facebook.com/groups/mlimudim/posts/1092678578389075/,Oct-24
"היי אני מחפשת ללמוד עיצוב גרפי באזור המרכז
אשמח לדעת אילו מקומות אתם ממליצים ואם יש מוסדות לימוד שבהם עוזרים לך למצוא עבודה?
אשמח מאוד לשמוע מכם דעות, המלצות וכ'ו :)",ליהי רבינוביץ',4,0,407,https://www.facebook.com/groups/mlimudim/posts/1085637085759891/,Oct-24
"היי, מישהו שלמד בפתוחה? 
מה הסיבה שהתחלתם ללמוד שם?
יש לי 3 יחידות מתמטיקה ואנגלית ומתלבט אם לשפר לחמש יחידות מתמטיקה או ללמוד בסמסטר הזה הכנות קדם אקדמיות ומשם להמשיך ואוליי לעשות אפיק מעבר. 
עוד לא סגור על מה אני רוצה ללמוד…",Oran Barazani,4,0,283,https://www.facebook.com/groups/mlimudim/posts/1089047842085482/,Oct-24
"שלום לכולם,

בן 30 (ללא נשוי וללא ילדים, מתכנן בקרוב) מעוניין אחרי תקופה ארוכה כמפקד בצבא ועבודה במערכת הביטחונית לשנות כיוון וללמוד הנדסת תוכנה. 

אני שאפתן, חרוץ וסקרן מאוד.

מעניין אותי עולם האבטחת מידע וסייבר, תקשורת נתונים, בינה מלאכותית

ממעבר על הרבה תכנים שקראתי ברשת התלבטתי בין ללמוד ה**נדסת תוכנה למדעי המחשב** והתחברתי יותר לתכנים הפרקטיים של הנדסת תוכנה. 

לצד זה הייתה לי המחשבה גם לשקול הנדסת מערכות מידע - הרגיש לי ליד ולא מספיק למה שאני מכוון.
* **הדבר היחיד ממנו אני חושש זה רמת המתמטיקה והפיחזיקה הנדרשת, תמיד הייתי יותר בן אדם ""הומני"" , 4 יחידות מתטיקה עם ציון 80 שיצר אצלי סלידה למתמטיקה בתיכון.**

אשמח לשמוע אם גם לאנשים נוספים כאן היה את החשש הזה ולבסוף המשיכו לתואר בהנדסת תוכנה והיום בדיעבד יודעים להעביר חוות דעת ותחושות לאורך התואר.

**אציין גם שאעשה את התואר ככה""נ באוניבריסטה הפתוחה כדי לשלב את העבודה בה אני עובד היום. **

תמונה למשיכת תשומת לב.",Anonymous participant,3,5,696,https://www.facebook.com/groups/mlimudim/posts/1085518789105054/,Oct-24
"היי מחפשת קורס NLP פרונטלי בירושלים.
אשמח לשמוע המלצות ומכללות🙏🏻
תודה לעונים 😉",Anonymous participant,3,5,218,https://www.facebook.com/groups/mlimudim/posts/1082058136117786/,Oct-24
היי  אשמח להכוונה בבקשה אני חרדי לשעבר ולכן לא עשיתי שום בגרויות כולשהם או 12 שנות לימוד ניסיתי להתחיל מכינה להנדסה בכנרת ולצערי לא עברתי את המבחן מימד ולא התקבלתי מרגיש שכול הדלתות סגורות לפני,Anonymous participant,3,3,449,https://www.facebook.com/groups/mlimudim/posts/1092711748385758/,Oct-24
"היי הבן זוג רוצה ללמוד מקצוע שקשור לחומרת מחשבים
אוהב להרכיב מחשבים של חברים וגם עושה קצת כסף מהצד
מה צריך ללמוד בשביל זה?
אך המשכורות בחוץ?",Odeya Shovaly,3,2,649,https://www.facebook.com/groups/mlimudim/posts/1096686371321629/,Oct-24
"יש כאן מישהו שעושה תואר בהנדסת נתונים במכללת אפקה?
אשמח לכמה שאלות🙏",Anonymous participant,3,1,139,https://www.facebook.com/groups/mlimudim/posts/1090188348638098/,Oct-24
"אני מתלבטת לגבי לימודי הנדסת חשמל באוניברסיטה העברית/ בן גוריון
איך הרמה שם(הבנתי שבעברית זה די חדש)? יחס לסטודנטים? 
אשמח לשמוע ובעיקר אם מישהו לומד/ למד באחד המוסדות האלה :)",Gil Ben Zikry,3,1,841,https://www.facebook.com/groups/mlimudim/posts/1086964848960448/,Oct-24
"מה קורה חברים אשמח שתעזרו לי לעשות קצת סדר בראש
מעוניין בלימודי ביואינפורמטיקה ולא יודע איך לשלב אותם בדיוק
אחת ההתלבטויות זה לגבי האיזון בין מדמח לביולוגיה 
הבנתי שכמה שיותר משקל למדמח=יותר
אפשרויות תעסוקה וביטחון תעסוקתי 

 גם הבנתי שבכל מקרה אין מה לעשות רק עם תואר ראשון וחייב לצאת לתואר שני ככה שלא משנה מה תהיה רמת האיזון בתואר הראשון בכל מקרה לא אמצא עבודה בתחום לפני השני
אז השאלה אם יש טעם בכלל לשלב ביואינפורמטיקה בתואר הראשון וסתם להוסיף עומס לתואר 
או ללכת עם הלב וכן ללמוד את זה ולפגוע ב״יכולות״ ביכולות מתחומי המדמח",Anonymous participant,3,1,372,https://www.facebook.com/groups/mlimudim/posts/1097804477876485/,Oct-24
"שלום , האם יש כאן מישהו שלומד/ למד 
לימודי המזרח תיכון בבן גוריון?
אשמח להתייעץ",Hili Hacmi,3,0,97,https://www.facebook.com/groups/mlimudim/posts/1096571077999825/,Oct-24
"היי, מתלבטת אם להירשם ללימודי קלינאית תקשורת כחלק מהסבת מקצוע. 
אשמח לדבר עם מישהי שכבר עוסקת במקצוע כדי לשאול אותה מספר שאלות",Noy Shiv,3,0,383,https://www.facebook.com/groups/mlimudim/posts/1084104212579845/,Oct-24
"הי, אני רוצה ללכת ללמוד בבן גור וחשוב לי שיהיה במקום שבו אני לומדת רוב יהודי, יש דרך לדעת מה האחוזים שם?",אביה מילס,2,4,646,https://www.facebook.com/groups/mlimudim/posts/1093658991624367/,Oct-24
"הייי 
רוצה להתחיל ללמוד בתוכנית לאנשי קבע שבה עושים תואר ראשון רב תחומי במדעי החברה - במסגרת התואר לומדים קרימינולוגיה, פסיכולוגיה, ומדעי המדינה 

מישהו למד ויודע להגיד האם מומלץ ללמוד את התחום? ומה עושים עם זה לאחר התואר?",Anonymous participant,2,1,229,https://www.facebook.com/groups/mlimudim/posts/1084997875823812/,Oct-24
"היוש
אנשים שעושים תואר במשאבי אנוש (ומדעי ההתנהגות גם אפשרי)
איפה אתם עושים???
בקבע
גרה בנתניה עדיפות לקרוב",אופק אריה,2,1,404,https://www.facebook.com/groups/mlimudim/posts/1082210189435914/,Oct-24
"היי, אשמח לשוחח עם סטודנטים למשפטים מבר אילן שעשו אפיק מעבר מהאונ' הפתוחה",Michal Yarmuch,2,1,290,https://www.facebook.com/groups/mlimudim/posts/1096822347974698/,Oct-24
"היי חברים שאלה לצורך לימודי רפואה 🙂
רוצה לשפר את ציון הבגרות שלי ב 5 י״חל
אני על 75
ורוצה לשפר ל 85 ומעלה ( בכל אחד מהשאלונים)
אפשרי להירשם ל 806 ו 807 ביחד בחורף?
מישהו שעשה ויודע אם ריאלי ללמוד לשניהם ביחד ב 3 חודשים?
תודה!!",Anonymous participant,2,0,324,https://www.facebook.com/groups/mlimudim/posts/1086133319043601/,Oct-24
"למדתי (תעודה) UX UI ואין לי ספק שזה התחום שאני רוצה לעסוק בו. אני מתחברת לשני העולמות - עיצוב ופסיכולוגיה, עוד לא הצלחתי להבין לאיזה מהם יותר. איך אני יכולה לדעת איזה תואר עדיף לי? מתלבטת בין פסיכו לתקשורת חזותית
מתלבטת גם מבחינת אפשרויות תעסוקה",Anonymous participant,2,0,296,https://www.facebook.com/groups/mlimudim/posts/1097780131212253/,Oct-24
"היי  לומדת הנדסת חשמל מישהו שיודע איך עובד עיניין של לעבור ממכללה בשנה א ל hit לשנה ב . מה קורה עם נקודות הזכות למשל מדר 5 נקז ובhit 3   ובנוסף מה קןרה עם קורסים שנעשו ואין ב hit 
תודה מראש לעוזרים 😃",Lucy Martinez,2,0,509,https://www.facebook.com/groups/mlimudim/posts/1091062125217387/,Oct-24
היי שלום מחפשת מכללות שהשכר לימוד השנתי שלהם הוא אוניברסיטאי שנע בסביבות 10-15 לתואר ראשון במשפטים,Anonymous participant,1,3,507,https://www.facebook.com/groups/mlimudim/posts/1095360681454198/,Oct-24
"תגידו, יש אתר אחד שמרכז את כל הימים הפתוחים העדכניים של האוניברסיטאות והמכללות בארץ???",Roni Zislis,1,3,429,https://www.facebook.com/groups/mlimudim/posts/1096655337991399/,Oct-24
"היי
יש כאן כאלה שסיימו /באמצע תואר בהנדסה ביו רפואית ויכולים לענות על כמה שאלות?
תודה 🥰",Anonymous participant,1,2,86,https://www.facebook.com/groups/mlimudim/posts/1091370925186507/,Oct-24
"איזה לפטופ מומלץ ללימוד תואר בחינוך?
ובמחיר סביר גם, שלא יהיה יקר מדי",Anonymous participant,1,1,235,https://www.facebook.com/groups/mlimudim/posts/1092075738449359/,Oct-24
"ערב טוב:) 
אני רוצה להתחיל ללמוד הנדסת תעשייה וניהול , אשמח לדעת אם יש כאן בוגרים של התואר שכבר עובדים ובאיזה משרות 
והאם מישהו יכול להסביר לי מה ההבדל בין ההתמחויות מערכות מידע ל מדעי הנתונים 
תודה רבה 🫶🏻",Anonymous participant,1,1,404,https://www.facebook.com/groups/mlimudim/posts/1098001024523497/,Oct-24
"היי השנה עתידה לסיים תואר ראשון בעבודה סוציאלית (בהצטיינות) מעוניינת להמשיך ללימודי תואר ללימודי מדיניות ציבורית . 
אשמח לשמוע האם יש ביקוש ושכר 🙏🏻",Anonymous participant,1,1,307,https://www.facebook.com/groups/mlimudim/posts/1086203059036627/,Oct-24
"היי 🙂 
מתלבטת מאוד אם לעשות תואר בתקשורת/ מנהל עסקים או ללמוד קורס באסטרטגיה פרסום ושיווק בבצפר, צריכה לעבוד במשרה מלאה ולממן לעצמי את הלימודים- מצד אחד הקורס הוא קצר יותר ומאפשר לצאת מהר יותר לשוק העבודה ומצד שני זה לא תואר. מישהו שהיה בהתלבטות דומה ואפשר להתייעץ איתו? 
וגם- בכמה זמן ריאלי לסיים תואר בפתוחה לצד עבודה במשרה מלאה? 🙏🏻",Anonymous participant,1,1,229,https://www.facebook.com/groups/mlimudim/posts/1098563471133919/,Oct-24
"בן 23 שמעוניין להתחיל תואר עוד שנה-שנתיים במדעי המחשב. עדיין לא יודע איפה (מתכנן לעשות פסיכומטרי בהמשך). אני כרגע מחפש עבודה בתור מפתח תוכנה (Mid Level) ושוקל לשלב קורסים בסיסיים באוניברסיטה הפתוחה על מנת להקל על הלימודים כשאתחיל את התואר עצמו.
מישהו כאן כבר עשה את זה? אשמח להתייעץ.
תודה!",Tal Frumkin,1,1,312,https://www.facebook.com/groups/mlimudim/posts/1097382027918730/,Oct-24
"היי
מתלבט בין הנדסאי תוכנה והנדסאי אדריכלות ועיצוב פנים
מתחבר למחשבים ותחום העיצוב,יודע שיש הבדל ביניהם.
לא מתחבר למתמטיקה.
אנשים שלמדו ויכולים לתת מידע מהנסיון שלהם מה פחות מתמטי ומה יותר מעניין ומבוקש בחוץ?🙏",Michael Elbaz,1,1,166,https://www.facebook.com/groups/mlimudim/posts/1095899018067031/,Oct-24
"היי מתלבט בין הנדסאי תוכנה להנדסאי אדריכלות ועיצוב פנים.
לא מתחבר למתמטיקה,איזה מהם יותר ״פשוט״ מהבחינה הזאת? ובכללי אשמח לעצות ותובנות 🙏",Michael Elbaz,1,1,237,https://www.facebook.com/groups/mlimudim/posts/1095462934777306/,Oct-24
"היי אשמח להתייעץ
אני ממש מתעניינת בלימודי תקשורת חזותית - עיצוב גרפי , בניית אתרים
ההתלבטות שלי זה שוק העבודה בחוץ לאחר הלימודים .
אני מהדרום ולא יודעת עד כמה באמת יש ביקוש למקצוע הזה וכמה עבודה
אוהבת את התחום מאוד אך מתלבטת אם שווה להשקיע בזה אם יש בזה עתיד לא בתור עצמאית .
אשמח לייעוץ והכוונה תודה מראש 🫶🏼",Anonymous participant,1,1,341,https://www.facebook.com/groups/mlimudim/posts/1090802328576700/,Oct-24
"יש כאן מישהו שלמד / לומד מדעי ההתנהגות? 
מה דעתכם על התואר? 
ומה אתם עושים / מתכננים לעשות בסיום התואר? 
אשמח לתשובות שיעזרו לי להחליט על כיוון
תודה 🙂",Anonymous participant,1,0,182,https://www.facebook.com/groups/mlimudim/posts/1091525468504386/,Oct-24
"היי, האם יש הבדל משמעותי בלמידת תואר שירותי אנוש בהתמחות ניהול משאבי אנוש לבין ניהול משאבי אנוש ? משפיע על תהליכי הגיוס או הסתכלות על התואר?",Anonymous participant,1,0,208,https://www.facebook.com/groups/mlimudim/posts/1094946018162331/,Oct-24
"תואר שני בריאות הציבור המרכז האקדמי למשפט ולעסקים 
אפשר חוות דעת מניסיון אישי?",כהן אור,1,0,72,https://www.facebook.com/groups/mlimudim/posts/1081730809483852/,Oct-24
"היוש 
מתלבטת איפה ללמוד ניהול ומשאבי אנוש 😊
בן גוריון בבאר שבע/ מכללת ספיר / מכללת פרס ברחובות
מה הכי עדיף ? 🙏🏽

בנוסף צריכה להשלים בגרות במתמטיקה ל4 יחידות , יש קורס מומלץ ? רוצה לגשת במועד חורף",Ella Naor Aharon,1,0,238,https://www.facebook.com/groups/mlimudim/posts/1084428015880798/,Oct-24
"מה כדאי ללמוד? תואר באדריכלות 5שנים ? או לימודי תעודה הנדסאי אדריכל 2.5 שנים? 
מישהו שבתחום? והאם מוצאים עבודה בשניהם?",Anonymous participant,1,0,186,https://www.facebook.com/groups/mlimudim/posts/1082228746100725/,Oct-24
"היי 
מתחילה ללמוד השנה הנדסת מכונות,
מתלבטת אם לקנות MacBook Air m3 16gb ram, יודעת שצריך תוכנות כמו מאטלב וסוליד וורק. 
אשמח לחוות דעת",Anonymous participant,1,0,292,https://www.facebook.com/groups/mlimudim/posts/1085550105768589/,Oct-24
"היי חברים מעוניין להתחיל ללמוד ומתלבט על איזה תואר ללכת (הנדסאי חשמל) התלבטויות בעיקר בהתמחויות ובעבודה שהנדסה ומדמח זה המון מתמטיקה משהו שלא הייתי חזק בו לימודית מנסה למצוא את האיזון לבין אשמח לדעות מנסיונכם 
מתלבט בין 
הנדסת חשמל
מדמ''ח
מערכות מידע ניהוליות",Ziv Harush,1,0,389,https://www.facebook.com/groups/mlimudim/posts/1093320631658203/,Oct-24